STATION,LINES,LATITUDE,LONGITUDE,ZIP_CODE,FF,7D_UNL,30D_UNL,INCOME,FF_PCT,7D_UNL_PCT,30D_UNL_PCT
R003,CYPRESS HILLS                 ,J,40.689945,-73.872564,11421,401214,186531,140119,61974,0.551221107239814,0.25627177604607454,0.19250711671411141
R004,75TH STREET & ELDERTS LANE    ,JZ,40.69132000000001,-73.867135,11421,996382,382354,453643,61974,0.5437641448630441,0.20866534707066606,0.24757050806628977
R005,85TH STREET & FOREST PKWAY    ,J,40.692304,-73.860151,11421,1094810,385162,588643,61974,0.5292478300698776,0.18619317756083176,0.28455899236929055
R006,WOODHAVEN BOULEVARD           ,JZ,40.693866,-73.851568,11421,1087720,545081,624536,61974,0.48185981977879244,0.2414708127319935,0.27666936748921406
R007,104TH STREET                  ,JZ,40.69518400000001,-73.844326,11418,775583,293269,347598,61472,0.5475540965088779,0.2070450774824385,0.24540082600868368
R008,111TH STREET                  ,J,40.697405,-73.836354,11418,716794,268063,281988,61472,0.565810339860046,0.21159889331370452,0.22259076682624945
R009,121ST STREET                  ,JZ,40.700536,-73.82838199999998,11418,598352,277558,276706,61472,0.5191251900025681,0.2408069990352381,0.24006781096219382
R010,42ND STREET & 8TH AVENUE      ,ACENQRS1237,40.757303,-73.98978699999998,10018,10307778,3950852,5836401,100298,0.5129515848967837,0.19660840533164642,0.2904400097715699
R032,42ND STREET/TIMES SQUARE      ,1237ACENQRS,40.755905,-73.98650400000002,10018,9579190,2359928,7611862,100298,0.48995958258869887,0.12070637891297521,0.38933403849832593
R014,BROADWAY NASSAU STREET        ,2345ACJZ,40.709938,-74.007983,10007,10100739,2341543,6042578,250000,0.5464330809105398,0.12667355879352074,0.32689336029593946
R029,PARK PLACE                    ,23ACE,40.712557,-74.009807,10007,16656985,3242945,8837722,250000,0.5796223365778109,0.11284655406085368,0.30753110936133543
R030,CHAMBERS STREET               ,123,40.715436,-74.009335,10007,5925865,1596339,4255443,250000,0.5031450679409902,0.13553972198351674,0.361315210075493
R016,LEXINGTON AVENUE              ,EM6,40.75753,-73.969102,10022,2327091,572849,1581057,115604,0.5193243824979129,0.12783963033226758,0.35283598716981956
R050,59TH STREET & LEXINGTON AVE   ,456NQR,40.762796,-73.967686,10022,7471327,2237389,5698155,115604,0.484934741129461,0.14522020726986032,0.3698450516006787
R079,FIFTH AVENUE & 60TH STREET    ,NQR,40.764909,-73.973372,10022,5805313,1690375,3530359,115604,0.5265090018208701,0.15330743647292633,0.3201835617062035
R018,ROOSEVELT AVE/JACKSON HTS     ,EFMR7,40.746655,-73.891361,11372,10758308,5269376,12121612,46402,0.3821874621660165,0.18719388222000294,0.43061865561398055
R096,82ND STREET-JACKSON HEIGHTS   ,7,40.747647,-73.883786,11372,4208089,2171313,2717696,46402,0.4625748782743684,0.23868194010881272,0.2987431816168189
R097,JUNCTION BLVD-ROOSEVELT AVE   ,7,40.749143,-73.869452,11372,6677492,3367965,2701455,46402,0.5238517375816197,0.2642181102372088,0.21193015218117142
R122,90TH STREET/ELMHURST AVENUE   ,7,40.748541,-73.876791,11372,4879062,2483013,2869971,46402,0.47684128863376884,0.24267023428158943,0.2804884770846417
R019,179TH STREET & HILLSIDE AVE   ,F,40.712622,-73.783815,11432,3844328,1775533,3348788,49631,0.42864070162629847,0.19797106565325504,0.3733882327204465
R115,169TH STREET & HILLSIDE AVE   ,F,40.710459,-73.7936,11432,2189129,745311,1658539,49631,0.4766250836330843,0.16227180659872384,0.3611031097681918
R024,SUTPHIN BOULEVARD             ,EJZ,40.700488,-73.80793299999998,11435,5400783,2626446,2668383,52939,0.5049531527508664,0.24556294674862925,0.2494839005005043
R025,JAMAICA CENTER-PARSONS BLVD   ,EJZ,40.702131,-73.80111,11435,7527787,4960044,4723787,52939,0.43736660899631863,0.2881799956285342,0.2744533953751472
R114,PARSONS BLVD & HILLSIDE AV    ,F,40.707564,-73.803326,11435,1420321,628185,1019638,52939,0.46292514301805915,0.2047443014408711,0.33233055554106977
R128,SUTPHIN BLVD-HILLSIDE AVE     ,F,40.705416,-73.810562,11435,1339906,492879,844236,52939,0.5005212884022949,0.18411473051574867,0.3153639810819564
R342,VAN WYCK BLVD-METROPOLITAN    ,E,40.702566,-73.816859,11435,1659328,539568,666800,52939,0.579031411566335,0.1882851495762286,0.2326834388574364
R027,WALL STREET                   ,23,40.706864,-74.009056,10006,7150153,1124595,4679170,121316,0.5519683697241252,0.08681504699967994,0.3612165832761949
R043,WALL STREET                   ,45,40.707466,-74.01186700000002,10006,6357302,1305891,4617797,121316,0.5176538699241674,0.10633434275249797,0.3760117873233347
R304,RECTOR STREET-GREENWICH ST    ,1,40.70784,-74.01369100000002,10006,2847510,698697,1633578,121316,0.5497351724058045,0.134889189416163,0.3153756381780325
R034,125TH STREET & BROADWAY       ,1,40.815596,-73.958395,10027,1951161,912898,1657211,40013,0.4315515330869424,0.20191185220081967,0.3665366147122379
R035,168TH STREET & BROADWAY       ,1AC,40.840778,-73.94009100000002,10032,6486060,2416559,4877722,35979,0.47067485485301125,0.17536278674090866,0.3539623584060801
R126,175TH STREET/FT WASHINGTON    ,A,40.847369,-73.939683,10032,4160973,1211818,2048478,35979,0.5606821420972613,0.16328986322959052,0.2760279946731482
R193,157TH STREET-BROADWAY         ,1,40.833879,-73.944726,10032,2344098,1666358,1996385,35979,0.3902380635678554,0.27741003965312216,0.33235189677902244
R296,163RD ST & AMSTERDAM AVE      ,C,40.835957,-73.939898,10032,969955,613598,651394,35979,0.43399463164003443,0.2745470026806005,0.2914583656793651
R036,DYCKMAN STREET                ,1,40.860523,-73.925575,10040,1060916,606606,580006,46944,0.47203683335646984,0.26989919591658035,0.2580639707269498
R185,DYCKMAN STREET-BROADWAY       ,A,40.865286,-73.92698,10040,1905908,851790,1460599,46944,0.451819300537634,0.20192746029973707,0.3462532391626289
R274,191ST STREET-ST NICHOLAS AV   ,1,40.855176,-73.929384,10040,1932930,1048146,1189535,46944,0.46346446599790775,0.2513171331490758,0.2852184008530165
R280,190TH STREET-OVERLOOK TERR    ,A,40.859022,-73.93419,10040,1077144,427794,1125557,46944,0.4094833862067786,0.16262870676431623,0.4278879070289052
R037,207TH STREET                  ,1,40.864653,-73.918719,10034,1328775,1131338,926824,42522,0.3923235064602619,0.3340298328548774,0.2736466606848607
R038,215TH STREET                  ,1,40.869359,-73.915329,10034,540685,211225,339935,42522,0.495203073696358,0.19345694672778646,0.3113399795758556
R173,207TH STREET-BROADWAY         ,A,40.868045,-73.919921,10034,2083879,993539,1949272,42522,0.41456286343498405,0.19765272972870815,0.38778440683630777
R039,225TH STREET                  ,1,40.874551,-73.909879,10463,1287922,678269,770332,55354,0.47064175963439736,0.24785795697679136,0.2815002833888113
R040,231ST STREET                  ,1,40.878867,-73.90485799999998,10463,1984679,1009435,1415219,55354,0.4501086672292612,0.2289314506298345,0.3209598821409043
R041,BOWLING GREEN & BATTERY PL    ,45,40.704782,-74.014099,10004,5261637,1601139,3472333,123409,0.5091031937834425,0.1549223138333616,0.33597449238319593
R052,WOODLAWN ROAD                 ,4,40.885973,-73.878851,10467,1409816,897844,843385,35852,0.44741220769617696,0.2849353151097493,0.2676524771940737
R133,MOSHOLU PARKWAY-JEROME AVE    ,4,40.87963,-73.88466600000002,10467,2418842,1163664,1172365,35852,0.5087082278362547,0.24473092960881587,0.24656084255492947
R157,205TH ST-BAINBRIDGE AVE       ,D,40.874827,-73.878872,10467,1957700,1073331,1127667,35852,0.47074829670247753,0.2580930377728799,0.2711586655246426
R226,GUN HILL ROAD-SEYMOUR         ,5,40.877796,-73.866341,10467,1550538,674764,599251,35852,0.5489498692359464,0.23889231322619897,0.21215781753785468
R362,ALLERTON AV-WHITE PLAINS RD   ,25,40.865481,-73.867393,10467,1496596,761245,581409,35852,0.5271096240204279,0.2681148190543277,0.20477555692524435
R363,BURKE AVE-WHITE PLAINS ROAD   ,25,40.871387,-73.867135,10467,1039004,487989,361774,35852,0.5500964385760657,0.2583637897104301,0.19153977171350411
R364,GUNHILL RD-WHITE PLAINS RD    ,25,40.877796,-73.86625500000002,10467,1496155,1031408,671868,35852,0.46763158824178425,0.32237232182847514,0.20999608992974064
R053,149TH STREET & 3RD AVENUE     ,25,40.816132,-73.917754,10455,5109697,4023933,2741656,22996,0.4302799107322552,0.3388493548702743,0.23087073439747052
R405,JACKSON AVENUE-WESTCHESTER    ,25,40.816505,-73.907797,10455,1388485,797321,504256,22996,0.5161535310338572,0.29639502732650774,0.18745144163963506
R406,PROSPECT AVENUE-WESTCHESTER   ,25,40.81939600000001,-73.90146700000003,10455,1844440,1099374,711183,22996,0.5046351611232512,0.30078656699307826,0.1945782718836705
R448,EAST 143RD ST-SOUTHERN BLVD   ,6,40.808742,-73.90769,10455,264547,130384,117387,22996,0.5163726435534179,0.25449818276929564,0.22912917367728639
R449,EAST 149TH ST-SOUTHERN BLVD   ,6,40.812104,-73.904085,10455,1088569,820116,484567,22996,0.4548493012854476,0.3426784977093929,0.2024722010051595
R450,LONGWOOD AVE-SOUTHERN BLVD    ,6,40.816083,-73.89605999999998,10455,941112,571999,361175,22996,0.5021176063845112,0.3051823467709837,0.19270004684450506
R055,MAIN STREET                   ,7,40.75957800000001,-73.830056,11354,10755234,4208811,12480870,46650,0.3918843982573821,0.15335485644608482,0.4547607452965331
R056,NEVINS STREET                 ,2345,40.688269,-73.980453,11217,2909189,1399373,1849610,85199,0.4724111310953965,0.22723837528409405,0.3003504936205095
R057,ATLANTIC AVENUE               ,2345BDNQR,40.684063,-73.977417,11217,9873068,3247465,6715116,85199,0.4977436331929447,0.1637186159121892,0.3385377508948661
R058,BERGEN STREET                 ,23,40.680801,-73.97513199999999,11217,1056430,323362,1127074,85199,0.42141462686876763,0.12899054037990065,0.4495948327513317
R129,BERGEN STREET-SMITH STREET    ,FG,40.686154,-73.990881,11217,2942818,759115,2748368,85199,0.45622956200028497,0.11768675601340155,0.4260836819863135
R171,7TH AVENUE-PARK PLACE         ,BQ,40.677172,-73.972514,11217,2275766,551338,2590135,85199,0.4200970272864092,0.10177472324924192,0.4781282494643489
R217,HOYT ST-SCHERMERHORN ST       ,ACG,40.688465,-73.985474,11217,2806186,1108548,1601583,85199,0.5087064430851237,0.20095799425595012,0.29033556265892624
R231,UNION STREET-4TH AVENUE       ,R,40.67730200000001,-73.983135,11217,1916280,525999,1747926,85199,0.4573236870272457,0.125530612464068,0.4171457005086863
R283,LAFAYETTE AVENUE-FULTON ST    ,C,40.68617,-73.973908,11217,1284270,508008,1025542,85199,0.4557672243081531,0.18028404937149994,0.3639487263203469
R318,FULTON STREET-LAFAYETTE AV    ,G,40.68713,-73.975346,11217,764197,352250,850678,85199,0.38848420918853654,0.17906843744042703,0.4324473533710364
R059,GRAND ARMY PLAZA              ,23,40.675219,-73.971012,11238,1954054,506804,1947125,69491,0.44329889657015464,0.11497412762254301,0.44172697580730236
R060,EASTERN PARKWAY               ,23,40.672013,-73.96436,11238,1139394,433324,1174459,69491,0.41475085151047786,0.15773428504970738,0.42751486343981476
R284,CLINTON AVENUE-FULTON ST      ,C,40.683263,-73.965838,11238,1518139,506481,1500845,69491,0.4306209251829191,0.14366360182273827,0.4257154729943426
R317,LAFAYETTE AV-WASHINGTON AV    ,G,40.688123,-73.96674200000002,11238,1489147,383374,1207505,69491,0.4834852043456776,0.12447102719262759,0.3920437684616948
R411,PARK PLACE-FRANKLIN AVENUE    ,S,40.67491,-73.95779399999998,11238,552069,257931,425993,69491,0.4466602966198029,0.20868322069785186,0.3446564826823453
R061,NOSTRAND AVENUE               ,3,40.669735,-73.950455,11225,995960,590711,668456,43543,0.4416425327708816,0.26194134521026974,0.2964161220188486
R123,FRANKLIN AVE/EASTERN PKWY     ,2345S,40.670711,-73.958051,11225,3294257,1576130,2891555,43543,0.4244114423941843,0.2030587190679858,0.37252983853782984
R196,PROSPECT PARK-EMPIRE BLVD     ,BQS,40.661596,-73.962193,11225,2089605,1141324,1934299,43543,0.40455232566694055,0.2209629468437792,0.37448472748928024
R209,STERLING ST-NOSTRAND AVE      ,25,40.66275200000001,-73.95060500000002,11225,1512845,775326,940898,43543,0.4685081055870903,0.24010821695045848,0.29138367746245125
R277,PRESIDENT ST-NOSTRAND AVE     ,25,40.667879,-73.950648,11225,900551,439392,656017,43543,0.4511868975330167,0.22014068418204774,0.3286724182849356
R412,BOTANIC GARDEN-FRANKLIN AVE   ,S2345,40.670499,-73.958759,11225,378760,182971,252792,43543,0.46500835458298906,0.22463576841906244,0.3103558769979485
R451,WINTHROP ST-NOSTRAND AVE      ,25,40.656648,-73.950198,11225,1894461,746331,1142972,43543,0.5006815964209185,0.19724565274155575,0.3020727508375258
R062,UTICA AVENUE                  ,34,40.669279,-73.932967,11213,5899284,3862106,3742940,34804,0.4368438863682982,0.28599019721822555,0.27716591641347627
R124,KINGSTON AVE/EASTERN PKWY     ,3,40.669409,-73.942173,11213,1489577,568354,658530,34804,0.5483520654263028,0.20922590090562684,0.24242203366807033
R063,SUTTER AVENUE                 ,3,40.664591,-73.922668,11212,1995448,1115790,818205,28146,0.5078195561050256,0.28395627573679016,0.20822416815818426
R064,SARATOGA AVENUE               ,3,40.661466,-73.91631600000002,11212,1592932,775287,626862,28146,0.5318493890482427,0.25885343334621,0.20929717760554722
R065,ROCKWAY AVENUE                ,3,40.662541,-73.90876300000002,11212,1544725,795141,547542,28146,0.5349867424347373,0.2753822805782903,0.1896309769869724
R066,JUNIUS STREET                 ,3,40.663419,-73.902454,11207,541292,357977,232061,33816,0.4784563301600771,0.3164213801454925,0.20512228969443044
R067,PENNSYLVANIA AVENUE           ,3,40.664884,-73.894258,11207,1402134,807669,565854,33816,0.5051539149109562,0.2909829997006114,0.20386308538843237
R068,VAN SICLEN AVENUE             ,3,40.665405,-73.889451,11207,890336,489354,373233,33816,0.5079150652937978,0.2791645725453999,0.21292036216080226
R069,NEW LOTS AVENUE               ,3,40.666252,-73.884087,11207,1409603,927663,686583,33816,0.46616183546202206,0.306782183898733,0.22705598063924487
R348,ATLANTIC AV-VAN SINDEREN AV   ,L,40.675496,-73.902819,11207,395508,217581,120361,33816,0.5392433022019224,0.2966541686549867,0.16410252914309087
R349,SUTTER AVE-VAN SINDEREN AVE   ,L,40.669376,-73.902047,11207,1252446,693486,327302,33816,0.550953399430063,0.30506582252421,0.14398077804572693
R350,LIVONIA AVE-VAN SINDEREN AV   ,L,40.663801,-73.900444,11207,717754,453766,273646,33816,0.4966585153539455,0.3139888428042176,0.18935264184183687
R375,NEW LOTS AV-VAN SINDEREN AV   ,L,40.658748,-73.899472,11207,946219,702206,428950,33816,0.4554878151513328,0.3380256333112702,0.20648655153739695
R433,ALABAMA AVENUE-FULTON ST      ,J,40.677107,-73.898871,11207,410183,466672,243978,33816,0.3659626367175128,0.4163617595127909,0.2176756037696963
R434,VAN SICLEN AVENUE-FULTON ST   ,JZ,40.678018,-73.891726,11207,876333,425228,290749,33816,0.5503532603575937,0.2670510139357286,0.18259572570667773
R440,LIBERTY AVE-PENNSYLVANIA AV   ,C,40.674552,-73.89655400000002,11207,643046,358885,266769,33816,0.5068542602664144,0.2828761724599984,0.21026956727358714
R441,VAN SICLEN AVE-PITKIN AVE     ,C,40.672786,-73.890438,11207,877331,428061,271629,33816,0.5563216976818952,0.2714364615309498,0.17224184078715502
R083,23RD STREET & 5TH AVENUE      ,NR,40.741006,-73.989315,10010,5984747,1743129,5111235,100763,0.4661340648896952,0.13576711035522632,0.39809882475507846
R131,23RD STREET-PARK AVE SOUTH    ,6,40.740088,-73.986429,10010,8166027,1966676,6402396,100763,0.4938601819075894,0.11893947535481947,0.38720034273759113
R143,28TH STREET-PARK AVE SOUTH    ,6,40.743095,-73.984251,10010,6526381,1786201,4495832,100763,0.5095385736282415,0.13945528306627192,0.3510061433054865
R084,59TH STREET/COLUMBUS CIRCLE   ,1ABCD,40.76811,-73.981891,10019,19670200,6328005,13700991,90174,0.4954810671732496,0.1593988200667842,0.34512011275996624
R085,8TH STREET & BROADWAY         ,NR,40.730348,-73.992705,10003,5101876,1453027,4434276,97524,0.4642636178735463,0.13222343543589563,0.40351294669055804
R160,ASTOR PLACE-4 AVENUE          ,6,40.730056,-73.99104200000002,10003,5126627,1464082,3980016,97524,0.4849834803194672,0.1385034612100873,0.37651305847044547
R163,14TH STREET-6TH AVENUE        ,FLM123,40.737348,-73.9969,10003,6788952,1974406,5546234,97524,0.47443365261567205,0.13797779838866125,0.3875885489956667
R170,14TH STREET-UNION SQUARE      ,LNQR456,40.734836,-73.990688,10003,29454140,9836487,25243140,97524,0.4564143915541146,0.1524238775647484,0.391161730881137
R330,3RD AVENUE-14TH STREET        ,L,40.733243,-73.987169,10003,1726403,574273,1681790,97524,0.433501001640692,0.14420035224406186,0.4222986461152462
R086,PRINCE STREET & BROADWAY      ,NR,40.724332,-73.99768399999998,10012,5192715,1860473,3693497,95577,0.4831922588221391,0.173120641388484,0.3436870997893769
R138,WEST 4TH ST-WASHINGTON SQ     ,ABCDEFM,40.732251,-74.000559,10012,11612032,3455782,9054554,95577,0.4813802691344399,0.14326047923653268,0.37535925162902745
R194,BLEECKER ST-LAFAYETTE ST      ,6DF,40.725665,-73.995645,10012,3478648,1217519,3092318,95577,0.44663987925764764,0.156322956261712,0.3970371644806403
R240,GRAND ST-CHRISTIE ST          ,BD,40.718542,-73.994164,10012,5526221,1093255,6777198,95577,0.41250694015544453,0.08160644948141606,0.5058866103631394
R282,SPRING STREET-6TH AVENUE      ,CE,40.726202,-74.00362700000002,10012,3580401,934785,2441841,95577,0.5146452644211386,0.13436558460963283,0.35098915096922867
R290,HOUSTON STREET-VARICK ST      ,1,40.728202,-74.005344,10012,4080634,965660,2904976,95577,0.513205311855842,0.1214472656569328,0.3653474224872253
R300,2ND AVENUE-HOUSTON STREET     ,F,40.723291,-73.989873,10012,5079968,1587970,4050836,95577,0.4739318134704585,0.14814847295035793,0.3779197135791836
R311,BOWERY STREET-DELANCEY ST     ,JZ,40.720315,-73.994014,10012,711526,298742,794728,95577,0.3941981034861019,0.165508400018615,0.4402934964952831
R322,SPRING STREET-LAFAYETTE ST    ,6,40.722397,-73.997211,10012,3910343,1257933,2453113,95577,0.5130748476426016,0.16505298443630156,0.3218721679210968
R089,JAY ST-METROTECH              ,R,40.692182,-73.985935,11201,992841,248295,700372,98775,0.5113762085966167,0.12788770378489298,0.36073608761849035
R099,DEKALB AVENUE                 ,BDNQR,40.690612,-73.981848,11201,3829686,1314617,3484919,98775,0.4438043197868823,0.15234478844095098,0.4038508917721667
R108,BOROUGH HALL - COURT STREET   ,2345R,40.692404,-73.990151,11201,9913872,2737779,7433333,98775,0.4935962109803025,0.13630974264156745,0.37009404637813004
R127,JAY ST-METROTECH              ,ACF,40.692338,-73.987342,11201,8945575,3190761,6224030,98775,0.4872220412163897,0.173785261143487,0.3389926976401233
R224,CLARK STREET-HENRY STREET     ,23,40.697356,-73.992888,11201,1460159,397622,1535195,98775,0.4303475768764648,0.11718974728969495,0.45246267583384026
R225,HOYT STREET-HOYT STREET       ,23,40.690547,-73.985066,11201,1072561,583501,611611,98775,0.47297868784432323,0.25731267250613293,0.26970863964954384
R252,HIGH ST-CADMAN PLAZA WEST     ,AC,40.699316,-73.990474,11201,1928854,656435,1465616,98775,0.4761538471033016,0.1620465056573778,0.3617996472393206
R301,YORK STREET-JAY STREET        ,F,40.699756,-73.98689,11201,2064410,621766,1813693,98775,0.45877113311520845,0.13817424462801028,0.40305462225678124
R090,39TH AVENUE & 31ST STREET     ,NQ,40.753076,-73.93271,11106,804942,411635,430073,52399,0.4888361218230954,0.24998329942610756,0.2611805787507971
R091,36TH AVENUE & 31ST STREET     ,NQ,40.756977,-73.929373,11106,1802876,687839,1901574,52399,0.4104638834102219,0.15660148956500813,0.43293462702477
R092,BROADWAY & 31ST STREET        ,NQ,40.761959,-73.925382,11106,3010190,943345,3625625,52399,0.3971667044896796,0.1244656399917669,0.4783676555185535
R238,STEINWAY ST-BROADWAY          ,MR,40.756864,-73.920736,11106,3834462,1474039,3736452,52399,0.4239338778211451,0.16296812155906173,0.4130980006197932
R339,36TH STREET-NORTHERN BLVD     ,MR,40.75202,-73.92874,11106,1185905,439574,658467,52399,0.5192351307780482,0.19246251881611912,0.2883023504058327
R093,30TH AVENUE & 31ST STREET     ,NQ,40.766843,-73.921423,11102,3338444,1194988,3880807,50160,0.39676125196824097,0.142019735831131,0.461219012200628
R094,ASTORIA BLVD & 31ST STREET    ,NQ,40.770426,-73.917614,11103,2978619,1024938,3173697,57733,0.4150081632891911,0.14280364050094924,0.44218819620985966
R267,46TH STREET-BROADWAY          ,MR,40.756312,-73.913333,11103,2435351,819673,2191034,57733,0.44717683873363084,0.15050757814184132,0.40231558312452786
R298,NORTHERN BLVD-BROADWAY        ,MR,40.752898,-73.905973,11103,1618517,684151,1495621,57733,0.4261173912780202,0.18012083861970482,0.393761770102275
R095,DITMARS BLVD & 31ST STREET    ,NQ,40.774984,-73.91206700000002,11105,4110554,1137353,4383200,60247,0.4267997437885385,0.11809161709033032,0.45510863912113114
R098,CHURCH AVENUE                 ,BQ,40.650494,-73.962836,11226,3666840,2146404,2599412,42182,0.4358718578294417,0.25513987496933194,0.30898826720122635
R109,CHURCH AVENUE & NOSTRAND AV   ,25,40.650843,-73.949575,11226,2457326,1369135,1266435,42182,0.4825007225751321,0.26883231073243985,0.24866696669242805
R135,NEWKIRK AVE-NOSTRAND AVE      ,25,40.639961,-73.948352,11226,1970020,1031079,1005801,42182,0.4916568918615388,0.25732586288652076,0.2510172452519404
R148,PARKSIDE AVE-OCEAN AVE        ,BQ,40.655053,-73.96122700000002,11226,1505174,803680,1156566,42182,0.4343410033992994,0.2319141691339001,0.33374482746680056
R149,NEWKIRK AVE-EAST 16TH ST      ,BQ,40.63505900000001,-73.962793,11226,2434133,1011524,1887295,42182,0.45643257242892865,0.1896743117132875,0.3538931158577838
R184,CORTELYOU RD-EAST 16TH ST     ,BQ,40.640905,-73.96386600000002,11226,1730746,657088,1356107,42182,0.4622791865576942,0.1755070392402017,0.36221377420210416
R210,BEVERLY RD-NOSTRAND AVE       ,25,40.645089,-73.948975,11226,1201851,558725,538291,42182,0.5228014495836427,0.24304363845320326,0.23415491196315402
R262,BEVERLEY ROAD -EAST 15TH ST   ,BQ,40.643982,-73.96451,11226,875931,347943,611205,42182,0.47732604427384323,0.18960655099862186,0.3330674047275349
R100,METROPOLITAN AVENUE           ,M,40.711353,-73.88958000000002,11379,932939,327405,542563,71393,0.5174637405035313,0.18159838527444844,0.30093787422202034
R101,145TH STREET                  ,ABCD,40.824787,-73.944232,10031,4907819,3263917,4779943,38338,0.37893303254350263,0.25200724940758645,0.36905971804891086
R169,137TH STREET-BROADWAY         ,1,40.821994,-73.95367399999998,10031,3390219,1993141,3038437,38338,0.4025529230875548,0.23666457408080485,0.3607825028316403
R273,145TH STREET-BROADWAY         ,1,40.826426,-73.950412,10031,2176621,1667257,1969489,38338,0.37441658164709024,0.28679713494778497,0.3387862834051248
R102,125TH STREET                  ,ACBD,40.811056,-73.952386,10026,6174419,3811601,4801371,47318,0.4175462054124355,0.2577602093567418,0.32469358523082265
R206,125TH STREET-LENOX AVENUE     ,23,40.808076,-73.94590600000002,10026,3311047,2288232,2474041,47318,0.4101221058994317,0.2834313516620176,0.3064465424385507
R323,111TH STREET-LENOX AVENUE     ,23,40.79911,-73.95180699999997,10026,1966489,1172591,1700642,47318,0.40632271853631263,0.24228478412603038,0.351392497337657
R324,116TH STREET-LENOX AVENUE     ,23,40.802098,-73.949625,10026,2471173,1660877,2103058,47318,0.3963320282503527,0.2663750170806985,0.3372929546689488
R333,116TH STREET-8TH AVENUE       ,BC,40.805072,-73.954833,10026,1298761,837593,1359714,47318,0.37149191606112925,0.23958143834730902,0.3889266455915617
R334,110TH STREET-8TH AVENUE       ,BC,40.800637,-73.958201,10026,1565254,774971,1626323,47318,0.39461365398830417,0.19537668521848217,0.41000966079321366
R103,BROADWAY-EAST NEW YORK        ,ACJLZ,40.678848,-73.904139,11233,2120616,1356155,1004551,34432,0.47321214588016663,0.3026238685816373,0.22416398553819608
R153,UTICA AVE-STUYVESANT AVE      ,AC,40.679279,-73.930585,11233,3077235,2198374,2082703,34432,0.41819849443731116,0.2987606396684457,0.28304086589424315
R313,BUSHWICK AVENUE-ABERDEEN ST   ,L,40.682558,-73.905501,11233,338473,204434,183685,34432,0.4658363978684048,0.28136010305646086,0.25280349907513433
R381,HALSEY STREET-BROADWAY        ,J,40.68617,-73.916337,11233,1555354,911106,773955,34432,0.4799860511693718,0.28116954155563406,0.2388444072749941
R432,CHAUNCEY STREET-ROCKAWAY AV   ,JZ,40.682867,-73.91048,11233,840729,495210,373300,34432,0.4918732839585336,0.289725427514818,0.21840128852664842
R438,RALPH AVENUE-FULTON STREET    ,C,40.678815,-73.920801,11233,1375503,785755,574180,34432,0.5028456137554571,0.287250158841107,0.20990422740343595
R439,ROCKAWAY AVE-HOPKINSON AVE    ,C,40.67836,-73.911939,11233,1267538,740159,604968,34432,0.48515136843031925,0.28329655734661735,0.23155207422306343
R104,167TH ST-GRAND CONCOURSE      ,BD,40.833773,-73.91843,10452,2295687,1692955,1257419,24965,0.4376020408455029,0.32270974355807147,0.23968821559642559
R221,167TH STREET-RIVER AVENUE     ,4,40.835535,-73.92138,10452,2356366,1691244,1182306,24965,0.45055522880291005,0.32337880761373605,0.22606596358335393
R243,170TH STREET-JEROME AVENUE    ,4,40.840048,-73.917775,10452,2392459,1723133,992287,24965,0.46838599739735415,0.3373480460284983,0.1942659565741475
R443,170TH STREET-GRAND CONC.      ,BD,40.839301,-73.91335500000002,10452,1536540,1176824,754460,24965,0.4430847701613461,0.3393551691204629,0.217560060718191
R105,14TH STREET & 7TH AVENUE      ,123FLM,40.738007,-73.99838100000002,10014,6610031,2277812,5349690,109557,0.4642680020478267,0.15998642461443285,0.37574557333774045
R175,8TH AVENUE-14TH STREET        ,ACEL,40.740388,-74.002104,10014,11029019,3922014,8637413,109557,0.46756021994835945,0.16626843497871796,0.36617134507292254
R189,CHRISTOPHER ST-SHERIDAN SQ    ,1,40.733405,-74.002898,10014,3365781,1034906,2083951,109557,0.5190391506819656,0.15959348848771512,0.3213673608303193
R106,CASTLE HILL AVENUE            ,6,40.834255,-73.85122199999998,10462,1827599,983650,1018080,45234,0.47726351013454316,0.256872679260518,0.26586381060493885
R222,177TH STREET-PARKCHESTER      ,6,40.833246,-73.860805,10462,3653821,1921533,2444436,45234,0.4556005830576611,0.23959891717862936,0.30480049976370954
R326,ZEREGA AVE-WESTCHESTER AVE    ,6,40.83646,-73.846471,10462,851618,320019,352905,45234,0.5586057976756298,0.20991156688369358,0.2314826354406766
R329,MORRIS PARK-PAULDING AVENUE   ,5,40.854137,-73.860977,10462,641965,122526,280466,45234,0.6143458534657407,0.11725458559538814,0.2683995609388712
R107,WESTCHESTER SQUARE            ,6,40.839892,-73.842952,10461,1234330,734202,820469,52230,0.44257065522744526,0.26324909887088604,0.29418024590166875
R427,MIDDLETOWN ROAD-WESTCHESTER   ,6,40.843635,-73.836687,10461,626847,126778,219177,52230,0.6443726472601824,0.13032251167246778,0.22530484106734977
R428,BUHRE AVE-WESTCHESTER AVE     ,6,40.846817,-73.832545,10461,1019486,291806,440133,52230,0.5820894414548153,0.16661061706895813,0.2512999414762265
R429,PELHAM BAY PARK-BRUCKNER BL   ,6,40.852465,-73.828125,10461,943006,692793,899407,52230,0.37196425063683186,0.27326891779208473,0.35476683157108335
R110,FLATBUSH AVE & NOSTRAND AV    ,25,40.632836,-73.947642,11210,4110083,2341101,3292663,56052,0.42181317091699,0.24026454848890794,0.3379222805941021
R112,FORDHAM RD/GRAND CONCOURSE    ,BD,40.862803,-73.901034,10468,3042959,1886510,1430235,33585,0.47847494160105564,0.2966348748306525,0.22489018356829185
R119,FORDHAM ROAD & JEROME AVE     ,4,40.862941,-73.901199,10468,3205035,2144792,1437451,33585,0.47221212981109656,0.31600179040846715,0.2117860797804363
R155,KINGSBRIDGE RD-196TH ST       ,BD,40.866974,-73.893485,10468,1922329,1126585,916284,33585,0.48480025461528026,0.2841182205781401,0.23108152480657965
R156,BEDFORD PARK BLVD-203RD ST    ,BD,40.873026,-73.88691899999998,10468,1500571,776782,946057,33585,0.46552284692297907,0.24098144511557637,0.29349570796144453
R161,KINGSBRIDGE RD-JEROME AVE     ,4,40.867899,-73.897326,10468,2472989,1506113,1258145,33585,0.47219254696217305,0.2875772328477156,0.24023022019011134
R183,BEDFORD PARK BLVD-JEROME AV   ,4,40.873399,-73.890084,10468,1295791,707046,733144,33585,0.4736111106034728,0.25842504023237006,0.2679638491641572
R117,242ND STREET & BROADWAY       ,1,40.889185,-73.898549,10471,1380873,663238,883850,73684,0.4716159129168729,0.22651872753769603,0.3018653595454311
R120,MORRISON AVE & WESTCHESTER    ,6,40.829495,-73.87455899999998,10472,2081560,1371260,814206,30541,0.4878245410269354,0.3213619977942483,0.19081346117881634
R121,QUEENSBORO PLAZA              ,7NQ,40.750508,-73.940177,11101,2372637,1277933,1922606,48509,0.42572439843995596,0.2293006716457546,0.34497492991428946
R134,HUNTERS PT AVE-49TH AVE       ,7,40.74238,-73.94888900000002,11101,1702726,409365,727711,48509,0.5995932110759835,0.14415265571332087,0.2562541332106957
R140,QUEENS PLAZA-JACKSON AVE      ,EMR,40.748948,-73.93719399999998,11101,2024920,902576,1561272,48509,0.4511081882601195,0.20107432596204572,0.34781748577783483
R291,33RD STREET-QUEENS BLVD       ,7,40.74455800000001,-73.930993,11101,3094543,1099663,2178391,48509,0.4856015530246146,0.17256120228534771,0.3418372446900377
R303,21ST STREET-QUEENSBRIDGE      ,F,40.7541,-73.94258,11101,1874404,1182274,1347438,48509,0.4256027770385703,0.26844751591465804,0.3059497070467717
R359,23RD STREET-ELY AVENUE        ,EMG,40.747257,-73.945112,11101,3700286,1133095,3021612,48509,0.4710743854259323,0.1442515607588702,0.38467405381519754
R130,KINGS HIGHWAY-MCDONALD AVE    ,F,40.603234,-73.972342,11223,939713,290046,650911,40873,0.4996692668038518,0.15422482413182537,0.3461059090643228
R271,AVENUE X-MCDONALD AVENUE      ,F,40.589547,-73.974295,11223,752441,183796,491917,40873,0.5268626492661156,0.12869480462191052,0.34444254611197395
R395,KINGS HIGHWAY-WEST 7TH ST     ,N,40.603967,-73.98066800000002,11223,1167393,293959,1382821,40873,0.41045077075128694,0.10335482405606129,0.4861944051926518
R396,AVENUE U-WEST 7TH STREET      ,N,40.597482,-73.979359,11223,744530,222304,1136278,40873,0.35401348097486013,0.10570240671918567,0.5402841123059542
R397,86TH STREET-AVENUE V          ,N,40.592676,-73.978243,11223,576075,212484,529449,40873,0.43708004807254586,0.16121601689822823,0.4017039350292259
R399,25TH AVENUE-86TH STREET       ,D,40.597873,-73.98695500000002,11223,883661,164159,1020054,40873,0.4273282608127961,0.07938539775634298,0.49328634143086086
R424,AVENUE P-MCDONALD AVENUE      ,F,40.609147,-73.97298599999998,11223,823535,174529,516491,40873,0.5437471732621133,0.11523450782573098,0.3410183189121557
R425,AVENUE U-MCDONALD AVENUE      ,F,40.596065,-73.973329,11223,578211,188834,389397,40873,0.4999913527872561,0.16328877712846818,0.33671987008427573
R132,125TH STREET-LEXINGTON AVE    ,456,40.804406,-73.93745200000002,10037,6997662,4103206,4302299,37000,0.4543002098204869,0.26638716570429966,0.27931262447521343
R207,135TH STREET-LENOX AVENUE     ,23,40.814459,-73.94099200000002,10037,3318092,2002697,2481729,37000,0.42525912788666426,0.2566731662778606,0.31806770583547517
R307,138TH ST-GRAND CONCOURSE      ,45,40.813208,-73.929877,10037,902140,402153,382392,37000,0.5348597989547544,0.23842804080192803,0.2267121602433175
R136,SHEEPSHEAD BAY ROAD           ,BQ,40.58681,-73.954167,11235,3306936,762407,2500392,42257,0.503359115702536,0.11604836420342678,0.38059252009403727
R137,MYRTLE AVE-GATES AVENUE       ,LM,40.699707,-73.91181,11237,4517256,2161687,3031490,42496,0.46519614521824104,0.22261489266235604,0.3121889621194029
R236,DEKALB AVE-WYCKOFF AVE        ,L,40.703839,-73.91844,11237,2951162,1314146,2128213,42496,0.4615863465530183,0.20554339306932753,0.3328702603776542
R279,JEFFERSON STREET-WYCKOFF AV   ,L,40.706636,-73.922925,11237,1601641,710957,1289342,42496,0.44466065509142294,0.1973816887566145,0.35795765615196257
R402,SENECA AVENUE-PALMETTO ST     ,M,40.702798,-73.907776,11237,711563,229865,422268,42496,0.5217900470486091,0.1685602949631003,0.30964965798829064
R139,CANAL STREET-LISPENARD ST     ,ACE,40.720852,-74.005237,10013,5745889,1405001,3565917,97228,0.536156804914001,0.13110257560857447,0.33274061947742456
R320,CANAL STREET-VARICK STREET    ,1,40.722819,-74.00626700000002,10013,1735960,497143,1072424,97228,0.5251689065011419,0.15039750091286502,0.3244335925859931
R343,FRANKLIN STREET-WEST BWAY     ,1,40.719323,-74.006953,10013,1834779,386173,1073982,97228,0.5568484831562636,0.11720204410771203,0.3259494727360245
R141,71ST AVE-CONTINENTAL AVE      ,EFMR,40.721681,-73.84439,11375,6325638,1668217,5480398,71643,0.46946112708437343,0.12380775394376223,0.4067311189718643
R219,67TH AVENUE-QUEENS BLVD       ,MR,40.726462,-73.85263,11375,2392492,399952,2051443,71643,0.493919862292411,0.08256840012989568,0.4235117375776933
R341,75TH AVENUE-QUEENS BLVD       ,EF,40.718477,-73.837223,11375,1010269,188758,913032,71643,0.47833370185207896,0.08937155638171093,0.43229474176621013
R142,ESSEX ST-DELANCEY ST          ,FJMZ,40.71838,-73.987813,10002,5978291,2216578,4663872,32966,0.46492039928325796,0.1723790843909213,0.3627005163258207
R144,96TH STREET-LEXINGTON AVE     ,6,40.785822,-73.95097,10128,6409416,1920756,5487391,100649,0.46386008878700247,0.13900830414162035,0.3971316070713772
R145,241TH ST-WHITE PLAINS RD      ,2,40.903085,-73.85059100000002,10470,1506820,714233,431844,58330,0.567990389374333,0.26922756518628504,0.16278204543938193
R444,238TH ST-WHITE PLAINS ROAD    ,25,40.898382,-73.854389,10470,876678,413495,339770,58330,0.5378580723374989,0.25368678536611405,0.20845514229638706
R146,HUNTS PT AVE-SOUTHERN BLVD    ,6,40.820889,-73.890567,10459,2186788,1695628,1203768,23400,0.42994669481088377,0.3333792092460674,0.23667409594304886
R325,WHITLOCK AVE-WESTCHESTER AV   ,6,40.826508,-73.886425,10459,531814,338657,202588,23400,0.49560555384186705,0.315599608222847,0.18879483793528595
R407,INTERVALE 163RD STREET        ,25,40.822172,-73.89674699999998,10459,762131,478978,292577,23400,0.4969276631592125,0.3123051263426803,0.1907672104981072
R408,SIMPSON ST-WESTCHESTER AVE    ,25,40.82417,-73.89322800000002,10459,1898800,1571003,930837,23400,0.4314826934264107,0.35699420993310066,0.21152309664048866
R409,FREEMAN ST-SOUTHERN BLVD      ,25,40.829966,-73.891876,10459,1207305,673839,508092,23400,0.5053100656444152,0.2820311597514854,0.21265877460409938
R147,61ST STREET-ROOSEVELT AVE     ,7,40.745623,-73.902969,11377,4283743,1632477,3679709,49641,0.44641253598270686,0.17012182978844467,0.3834656342288485
R340,65TH STREET-BROADWAY          ,MR,40.749663,-73.898485,11377,877154,343935,892043,49641,0.4150966432764257,0.16276077405481532,0.422142582668759
R347,69TH STREET-ROOSEVELT AVE     ,7,40.746325,-73.896403,11377,1253421,661734,1065307,49641,0.4205458751025848,0.22202396809622132,0.3574301568011939
R150,AVENUE U-EAST 16TH STREET     ,BQ,40.599307,-73.955916,11229,1571386,404158,1524795,51985,0.4489239470805542,0.11546253091486282,0.435613522004583
R230,NECK ROAD-EAST 16TH STREET    ,BQ,40.59523400000001,-73.95509,11229,1089432,156025,915710,51985,0.5040943157099844,0.07219479105501796,0.42371089323499755
R151,STILLWELL AVE-CONEY ISLAND    ,DFNQ,40.577423,-73.981225,11224,3905773,1599259,1950743,27011,0.5238587537848178,0.2144993645865118,0.2616418816286704
R264,OCEAN PKWAY-BRIGHTON BCH AV   ,Q,40.576298,-73.968523,11224,908286,175853,499951,27011,0.5733803003617218,0.11101200058077508,0.315607699057503
R312,WEST 6TH STREET-SURF AVENUE   ,FQ,40.576152,-73.975925,11224,809751,169496,386288,27011,0.5929917578092103,0.12412424434379199,0.2828839978469977
R426,NEPTUNE AVE-MCDONALD AVENUE   ,F,40.580992,-73.974531,11224,467035,82013,255555,27011,0.5804539630103294,0.10192977157679005,0.3176162654128806
R152,ROCKAWAY PKWY-GLENWOOD RD     ,L,40.64666,-73.901832,11236,2633325,1684712,1612894,60135,0.44399858976609236,0.28405523517302766,0.27194617506088
R376,EAST 105TH ST-FARRAGUT ROAD   ,L,40.650625,-73.899558,11236,1118237,472614,392861,60135,0.563709348937749,0.23824728589633978,0.19804336516591117
R154,TREMONT AVE-179TH ST          ,BD,40.850307,-73.905244,10453,2036099,1547112,1101053,24741,0.434667858173664,0.33027856670759803,0.23505357511873798
R237,182ND STREET-183RD STREET     ,BD,40.856085,-73.900695,10453,1394812,755055,501738,24741,0.5260255581053739,0.28475395090897776,0.1892204909856483
R244,BURNSIDE AVE-JEROME AVE       ,4,40.85339000000001,-73.907733,10453,2838734,1935181,1286492,24741,0.46840649481132207,0.3193153529127664,0.2122781522759115
R253,174TH-175TH ST-GRAND CONCOU   ,BD,40.845892,-73.910136,10453,1345727,761756,626413,24741,0.49223781738588446,0.2786338617123695,0.2291283209017461
R275,183RD STREET-JEROME AVENUE    ,4,40.858389,-73.903828,10453,1869464,1112139,627525,24741,0.517982182953888,0.3081461782458256,0.1738716388002864
R308,MT EDEN AVENUE-JEROME AVE     ,4,40.844406,-73.914621,10453,1684387,936267,662083,24741,0.5131044613077441,0.2852092628803343,0.20168627581192158
R309,176TH STREET-JEROME AVENUE    ,4,40.848635,-73.912497,10453,1490716,1001412,618035,24741,0.4793047824181562,0.3219805521446947,0.1987146654371491
R158,UNION TURNPIKE-KEW GARDENS    ,EF,40.714444,-73.830979,11415,4570170,2082817,5066869,64696,0.3899510369410682,0.17771694464505366,0.43233201841387814
R255,VAN WYCK BLVD-MAIN STREET     ,EF,40.709174,-73.820593,11415,1347534,360069,1091634,64696,0.48139332253753436,0.12863112340970057,0.38997555405276507
R164,66TH STREET-BROADWAY          ,1,40.773424,-73.98223399999998,10023,6058322,1785638,4513848,111265,0.4902424442910911,0.14449471945186396,0.3652628362570449
R281,72ND STREET-CENTRAL PK WEST   ,BC,40.775545,-73.976398,10023,2544029,874510,1707768,111265,0.49626934165277264,0.17059259228914694,0.3331380660580804
R452,72ND STREET & BROADWAY        ,123,40.778575,-73.981912,10023,10883380,3476637,9408953,111265,0.45788185184297003,0.146267886239917,0.3958502619171129
R166,79TH STREET-BROADWAY          ,1,40.783872,-73.979938,10024,4422799,1574639,3578287,109784,0.46187615036981533,0.1644407081448141,0.3736831414853706
R167,86TH STREET-BROADWAY          ,1,40.788844,-73.97599,10024,4852988,1644057,4431119,109784,0.4440808172351733,0.1504421968777189,0.40547698588710784
R186,86TH ST-CENTRAL PARK WEST     ,BC,40.785822,-73.968952,10024,2380533,785655,2333855,109784,0.43282079794648876,0.14284524684625194,0.4243339552072593
R187,81ST STREET-MUSEUM            ,BC,40.781435,-73.972149,10024,3540786,1417941,2295198,109784,0.48812001778347586,0.1954722443366867,0.31640773787983745
R168,96TH STREET-BROADWAY          ,123,40.79388,-73.972363,10025,9096205,3643488,8869719,71865,0.4209371823721997,0.16860653126517278,0.41045628636262754
R191,103RD STREET-BROADWAY         ,1,40.799354,-73.968329,10025,3344673,1605171,2935747,71865,0.42414994640224174,0.20355747590763965,0.3722925776901186
R192,110TH STREET-BROADWAY         ,1,40.804032,-73.96674200000002,10025,3760859,1264024,3206425,71865,0.4568968868617236,0.15356295743033793,0.38954015570793854
R251,96TH ST-CENTRAL PARK WEST     ,BC,40.791654,-73.964682,10025,1845248,714300,2018072,71865,0.40310204866284227,0.15604178590621326,0.44085616543094447
R314,103RD ST-CENTRAL PARK WEST    ,BC,40.796105,-73.961399,10025,1113497,573055,993672,71865,0.41544923110904164,0.21380862196592523,0.37074214692503316
R174,181ST STREET-FT WASH AVE      ,A,40.851686,-73.937967,10033,2551354,907377,2546679,44595,0.42484260025543635,0.15109326424007685,0.4240641355044868
R260,181ST STREET-ST NICHOLAS AV   ,1,40.84949500000001,-73.93363199999997,10033,2491666,1699315,1383106,44595,0.4470088105908645,0.30485979138825786,0.2481313980208777
R176,33RD STREET-PARK AVENUE       ,6,40.746119,-73.981826,10016,8711178,2399434,6102146,103960,0.5060884490445982,0.13939857865892263,0.35451297229647916
R177,68TH STREET-HUNTER COLLEGE    ,6,40.768143,-73.964016,10065,9951239,2328164,6737044,110163,0.5232964391297701,0.1224289689866882,0.35427459188354166
R319,63RD STREET-LEXINGTON AVE     ,F,40.764763,-73.966291,10065,3620254,1089722,3210969,110163,0.45704824361234675,0.1375747464475514,0.40537700994010184
R178,77TH STREET-LEXINGTON AVE     ,6,40.773636,-73.959875,10075,10433555,2788486,7292243,104583,0.5085995202172301,0.135928994645877,0.3554714851368929
R179,86TH STREET-LEXINGTON AVE     ,456,40.779485,-73.955541,10028,16541590,5138100,14265962,115485,0.4601833345518395,0.14294079295042417,0.3968758724977363
R180,103RD STREET-LEXINGTON AVE    ,6,40.790582,-73.947473,10029,4108619,2016747,2653275,31446,0.4680244926293261,0.22973339495259004,0.30224211241808385
R181,110TH STREET-LEXINGTON AVE    ,6,40.795066,-73.94429699999998,10029,2956422,1690979,2164544,31446,0.43400555935199125,0.24823732428843745,0.3177571163595713
R182,116TH STREET-LEXINGTON AVE    ,6,40.798574,-73.94159300000003,10029,3843271,2590068,2781416,31446,0.417077936418277,0.28107833577778246,0.30184372780394053
R195,161ST STREET-YANKEE STADIUM   ,BD4,40.827888,-73.925736,10039,7519786,3805133,3405572,33132,0.510491198154902,0.25831677980048323,0.2311920220446148
R315,155TH STREET-8TH AVENUE       ,BD,40.829934,-73.938632,10039,1070386,645651,480860,33132,0.4872263014606511,0.293892248931106,0.2188814496082429
R331,155TH STREET-ST NICHOLAS AV   ,C,40.830551,-73.941486,10039,581362,380213,457209,33132,0.40976075287006336,0.26798511965175814,0.3222541274781785
R345,148TH STREET-LENOX AVENUE     ,3,40.823877,-73.93644300000003,10039,788190,472480,619742,33132,0.41915814193910694,0.25126408467931494,0.32957777338157807
R197,36TH STREET-4TH AVENUE        ,DNR,40.65515,-74.003477,11232,3109658,1277198,2305736,44583,0.4646418009644096,0.19083757085446118,0.3445206281811292
R232,45TH STREET-4TH AVENUE        ,R,40.648866,-74.010086,11232,2233463,840212,1102227,44583,0.5348456453240521,0.20120491333369414,0.26394944134225373
R278,25TH STREET-4TH AVENUE        ,R,40.660481,-73.998059,11232,820750,361418,642533,44583,0.4497997206117605,0.19806971114719618,0.35213056824104333
R455,25TH STREET-4TH AVENUE        ,R,40.66043,-73.99794399999998,11232,240573,106847,126774,44583,0.5073303331547847,0.2253233908484713,0.26734627599674393
R198,NOSTRAND AVE-FULTON ST        ,AC,40.68041,-73.950326,11216,3871452,2516359,2853572,45566,0.4189256088617905,0.27229246964442444,0.3087819214937851
R199,KINGSTON AVE-THROOP AVE       ,C,40.679921,-73.94085799999998,11216,1378856,775282,821832,45566,0.4633299394819168,0.26051405088088925,0.27615600963719394
R297,FRANKLIN AVENUE-FULTON ST     ,ACS,40.681159,-73.956056,11216,1471132,894826,1143397,45566,0.4192029589482968,0.25498303819362816,0.32581400285807505
R200,EUCLID AVE-PITKIN AVE         ,AC,40.675382,-73.87207,11208,2706062,1311635,1167643,34527,0.5218678042327022,0.25295062618844666,0.22518156957885116
R435,CLEVELAND STREET-FULTON ST    ,J,40.679938,-73.884687,11208,1042639,464155,308624,34527,0.5743244806430254,0.25567389989523076,0.1700016194617438
R436,NORWOOD AVENUE-FULTON ST      ,JZ,40.681598,-73.880074,11208,1105990,486267,315290,34527,0.5797969853429562,0.2549174410905734,0.16528557356647045
R437,CRESCENT STREET-FULTON ST     ,JZ,40.68320900000001,-73.873765,11208,1486726,646748,563463,34527,0.5512646383656719,0.23980834554162742,0.20892701609270073
R442,SHEPERD AVE-PITKIN AVE        ,C,40.674161,-73.88076099999998,11208,924199,415224,301133,34527,0.56334498791873,0.2530995589300213,0.18355545315124872
R201,WOODHAVEN BLVD-QUEENS BLVD    ,MR,40.73308,-73.869259,11374,5749148,2064632,4130004,50606,0.4813506339364476,0.17286246971646507,0.3457868963470873
R202,63RD DRIVE-REGO PARK          ,MR,40.729869,-73.86161,11374,4315509,1081763,3569699,50606,0.48126719713936844,0.12063861921712471,0.3980941836435068
R204,CHURCH AVE-MCDONALD AVE       ,FG,40.644039,-73.979541,11218,2303679,877852,2333712,54441,0.4176931098049533,0.15916832676275552,0.42313856343229117
R289,FT HAMILTON PKY-GREENWOOD     ,FG,40.650722,-73.975818,11218,1168417,267726,1186802,54441,0.44545996961430756,0.10207076396950755,0.45246926641618485
R368,9TH AVENUE-39TH STREET        ,D,40.646343,-73.994551,11218,1408142,411551,1210720,54441,0.4646699971258043,0.1358069015675421,0.3995231013066536
R420,DITMAS AVE-MCDONALD AVE       ,F,40.63615,-73.978179,11218,1316232,362909,792880,54441,0.532451787424136,0.14680660075298713,0.3207416118228769
R205,149TH ST-GRAND CONCOURSE      ,245,40.818429,-73.926927,10451,3053241,1955964,1800336,27197,0.44837691703449617,0.2872387434042911,0.2643843395612127
R445,138TH STREET-3RD AVE          ,6,40.810512,-73.926165,10451,1887568,1276576,894678,27197,0.4650531607446693,0.3145188431520278,0.22042799610330288
R208,103RD ST-ROOSEVELT AVE        ,7,40.749858,-73.862672,11368,5621336,3414802,2159665,45014,0.5020931504421791,0.30500733176530526,0.19289951779251563
R310,111TH STREET-ROOSEVELT AVE    ,7,40.75176,-73.855183,11368,3356033,1760930,1379571,45014,0.5165882299700117,0.27105684354149456,0.21235492648849372
R328,WILLETS PT BLVD-ROOSEVELT     ,7,40.754622,-73.845625,11368,1976474,501730,619436,45014,0.6380580054493098,0.16197169458039024,0.19997029997029997
R211,KINGS HIGHWAY-EAST 16TH ST    ,BQ,40.608691,-73.95777199999998,11230,4161580,1133298,3153427,41820,0.4925934847285935,0.13414501488760172,0.3732615003838048
R228,AVENUE J-EAST 16TH STREET     ,BQ,40.625028,-73.960819,11230,1441529,522790,1160297,41820,0.4613459701928173,0.16731335946561113,0.3713406703415716
R229,AVENUE M-EAST 16TH STREET     ,BQ,40.617568,-73.95936,11230,1171747,306441,748463,41820,0.5262373852031593,0.13762417190659876,0.3361384428902419
R263,AVENUE H-EAST 16TH STREET     ,BQ,40.629164,-73.961678,11230,577644,199558,440616,41820,0.4743270340888376,0.1638652081017032,0.36180775780945923
R422,MCDONALD AVE-22ND AVE         ,F,40.620907,-73.975453,11230,151853,130090,296291,41820,0.26261513504913236,0.2249781230436121,0.5124067419072555
R423,AVENUE N-MCDONALD AVENUE      ,F,40.615174,-73.974166,11230,906681,235647,607955,41820,0.5180196573925474,0.13463365638585303,0.3473466862215996
R212,59TH STREET-4TH AVENUE        ,NR,40.641426,-74.017972,11220,3445247,1227619,2305021,38052,0.49373786075928144,0.17592990542839115,0.3303322338123274
R213,BAY RIDGE AVE-4TH AVENUE      ,R,40.634945,-74.023411,11220,2035584,578339,1698145,38052,0.47206676703614137,0.13412102963125813,0.39381220333260053
R233,53RD STREET-4TH AVENUE        ,R,40.644959,-74.014034,11220,2286279,812038,1213505,38052,0.5302350143396457,0.1883282751467941,0.2814367105135602
R390,8TH AVENUE-62ND STREET        ,N,40.635011,-74.011717,11220,2825332,292872,3170971,38052,0.4492373005998402,0.04656763406965143,0.5041950653305084
R214,77TH STREET-4TH AVENUE        ,R,40.629702,-74.025514,11209,1544003,292202,1074562,59934,0.5304454118107015,0.10038659913349299,0.36916798905580556
R215,86TH STREET-4TH AVENUE        ,R,40.622715,-74.028368,11209,2331591,949985,1959973,59934,0.44482861841032106,0.18124127047176322,0.37393011111791574
R216,BAY RIDGE - 95TH STREET       ,R,40.616624,-74.030964,11209,1739279,349968,1173404,59934,0.5330876639885787,0.10726492045885386,0.3596474155525675
R218,ELMHURST AVE-BROADWAY         ,MR,40.742445,-73.882005,11373,3193533,1071016,3864353,49042,0.3928615451385685,0.13175407945624146,0.47538437540519
R254,GRAND AVE-QUEENS BOULEVARD    ,MR,40.736998,-73.87724200000002,11373,3637717,1609244,4490416,49042,0.3735828447435074,0.1652646292733659,0.46115252598312667
R220,CARROLL ST-PRESIDENT ST       ,FG,40.680231,-73.99498,11231,3366300,823570,2964913,83383,0.47049644971762244,0.11510761402547079,0.41439593625690674
R223,46TH ST-BLISS ST              ,7,40.743079,-73.918419,11104,3567905,1681363,3462190,56578,0.4095646216741216,0.1930059239222642,0.39742945440361416
R261,40TH STREET-LOWERY STREET     ,7,40.743778000000006,-73.923998,11104,2622648,974021,2554369,56578,0.4263748655105041,0.15835067187034124,0.4152744626191547
R327,52ND STREET-ROOSEVELT AVE     ,7,40.744103,-73.912497,11104,1631494,740880,1648308,56578,0.4057754380973178,0.1842672462035048,0.4099573156991774
R234,50TH STREET-NEW UTRECHT AVE   ,D,40.636232,-73.994765,11219,923679,223317,459342,35083,0.5750215708026579,0.13902242242915253,0.2859560067681895
R247,55TH ST-NEW UTRECHT AVE       ,D,40.631412,-73.995473,11219,605297,158103,276069,35083,0.5823136620716923,0.15209977401923483,0.2655865639090728
R369,FORT HAMILTON PKWY-45TH ST    ,D,40.640872,-73.994229,11219,1067601,268634,596022,35083,0.5525150122369851,0.1390260198306954,0.3084589679323196
R391,FORT HAMILTON PARKWAY-62ND    ,N,40.631428,-74.005387,11219,1775623,291434,1697545,35083,0.4716628743224383,0.07741429240063093,0.4509228332769307
R398,NEW UTRECHT AVENUE-62ND ST    ,ND,40.625419,-73.99663199999998,11219,1473894,380265,1383873,35083,0.45518203649624217,0.11743707288871759,0.42738089061504025
R235,BEDFORD AVE-NORTH 7TH ST      ,L,40.717241,-73.956614,11211,7001560,2107537,6540577,50943,0.44739334506265116,0.13466970621880048,0.41793694871854836
R268,METROPOLITAN AVE-LORIMER ST   ,GL,40.713875,-73.951592,11211,3594657,1297016,3846763,50943,0.4113615983455163,0.14842656054241285,0.44021184111207085
R299,BROADWAY - UNION AVENUE       ,G,40.7061,-73.95034799999998,11211,734285,385467,649917,50943,0.4149278763429771,0.21781869942910229,0.36725342422792057
R352,HEWES STREET-BROADWAY         ,JM,40.706994,-73.95348100000002,11211,826792,309854,502618,50943,0.504367813848166,0.18902019442871923,0.30661199172311476
R239,GREENPOINT AVE                ,G,40.731324,-73.954425,11222,2233642,683101,1868467,66610,0.4667803502876572,0.14275256467323272,0.3904670850391101
R256,NASSAU AVE-MANHATTAN AVE      ,G,40.724608,-73.95127099999998,11222,2091276,575420,1886658,66610,0.45928254205581204,0.1263727792743547,0.41434467866983327
R241,15TH ST-PROSPECT PARK WEST    ,FG,40.660376,-73.979509,11215,1339931,323412,1356702,99040,0.44367915047623463,0.10708847053603505,0.44923237898773033
R246,PROSPECT AVENUE-4TH AVENUE    ,R,40.665438,-73.992856,11215,1285314,404851,1290240,99040,0.4312548126848532,0.1358375791209584,0.4329076081941884
R258,4TH AVENUE-9TH STREET         ,DFGMNR,40.67032,-73.98875699999998,11215,3234448,1178613,3026092,99040,0.4347871323522987,0.15843376255334446,0.40677910509435683
R288,7TH AVENUE-9TH STREET         ,FG,40.666276,-73.980324,11215,3214209,646444,3092112,99040,0.46229219598246163,0.09297653523454338,0.44473126878299496
R454,PROSPECT AVE-4TH AVE          ,R,40.665405,-73.99287700000002,11215,278321,102136,180816,99040,0.4958745565883269,0.18197205281565298,0.3221533905960201
R242,18TH AVE-MCDONALD AVE         ,F,40.629881,-73.977149,11204,1168187,374930,713555,45593,0.5176591901703039,0.16614288651607323,0.3161979233136229
R392,18TH AVENUE-62ND STREET       ,N,40.620728,-73.990388,11204,1295959,323122,1575353,45593,0.4056928394826752,0.10115156550424895,0.4931555950130759
R393,20TH AVENUE-62ND STREET       ,N,40.617373,-73.985088,11204,852692,166279,972795,45593,0.4281085227883195,0.08348320033578241,0.48840827687589805
R394,BAY PARKWAY-66TH STREET       ,N,40.612006,-73.98200899999998,11204,1511889,394021,1942933,45593,0.392816490566126,0.1023738822290231,0.5048096272048509
R421,AVENUE I-MCDONALD AVENUE      ,F,40.625305,-73.975732,11204,567802,174151,334425,45593,0.5275117105700785,0.16179353349845502,0.31069475593146645
R248,1ST AVENUE-14TH STREET        ,L,40.730901,-73.981719,10009,6514305,1731171,4904909,61154,0.49536990742096143,0.13164413057108215,0.3729859620079564
R249,GRAHAM AVE-METROPOLITAN AVE   ,L,40.71459,-73.94410400000002,11206,2373681,809076,2766074,30686,0.39901637817581304,0.13600588081927356,0.4649777410049134
R250,GRAND ST-BUSHWICK AVE         ,L,40.711874,-73.94067,11206,1330317,657875,1301950,30686,0.4043342202251453,0.19995337587253073,0.395712403902324
R265,MONTROSE AVENUE               ,L,40.707889,-73.940005,11206,1567325,678111,1519350,30686,0.41631184348858075,0.18011940120899303,0.4035687553024262
R294,MORGAN AVENUE-HARRISON PL     ,L,40.706148,-73.93316,11206,1777518,812380,1699735,30686,0.4143753090299333,0.18938216859111257,0.3962425223789541
R353,LORIMER STREET-BROADWAY       ,JM,40.703855,-73.947387,11206,1006966,388290,1219719,30686,0.38507672157477607,0.14848707922637883,0.4664361991988451
R377,FLUSHING AVE-BROADWAY         ,JM,40.700244,-73.94165799999998,11206,2602299,1155492,1041818,30686,0.5421897908767151,0.24074711085840533,0.2170630982648795
R378,MYRTLE AVENUE-BROADWAY        ,JMZ,40.697266,-73.935692,11206,2621321,1400752,1788632,30686,0.45111927038113275,0.24106403611954144,0.30781669349932583
R266,HALSEY STREET-WYCKOFF AVE     ,L,40.695607,-73.904021,11385,1917584,822400,1150698,53558,0.4928657752034219,0.21137682288092421,0.29575740191565386
R295,WILSON AVENUE-MOFFAT STREET   ,L,40.688676,-73.903999,11385,931106,577621,496396,53558,0.46436353281070536,0.2880726020299004,0.24756386515939421
R403,FOREST AVENUE-PUTNAM AVENUE   ,M,40.704424,-73.903077,11385,1112701,278831,708038,53558,0.52996613592307,0.13280385983796683,0.3372300042389632
R404,FRESH POND ROAD-68TH AVENUE   ,M,40.706181,-73.89591,11385,1614620,383791,953615,53558,0.5469531772416638,0.13000935628615737,0.3230374664721788
R269,BEDFORD AVENUE-NOSTRAND AVE   ,G,40.689636,-73.953459,11205,1685692,830492,1354178,47050,0.4355385878633575,0.2145773444447832,0.3498840676918593
R286,MYRTLE AVENUE-MARCY AVENUE    ,G,40.694568,-73.949046,11205,1177260,607776,825044,47050,0.45104364617176484,0.23285723042971862,0.31609912339851653
R287,CLASSON AVENUE-LAFAYETTE AV   ,G,40.688855,-73.960025,11205,1161941,431683,913309,47050,0.4634910466294871,0.1721956669763412,0.3643132863941717
R316,FLUSHING AVENUE-MARCY AVE     ,G,40.700374,-73.950284,11205,588405,261353,293827,47050,0.5145266858169704,0.22853832465448568,0.256934989528544
R276,JACKSON AVENUE-VERNON BLVD    ,7,40.742624,-73.95354499999998,11109,2738131,694531,2805462,128693,0.43893500674241165,0.11133651719651613,0.4497284760610722
R360,21ST STREET-JACKSON AVENUE    ,G,40.743973,-73.949876,11109,323581,178426,293211,128693,0.4069085458327151,0.22437369375441701,0.3687177604128679
R292,BAYCHESTER AVE-TILLOTSON      ,5,40.878656,-73.838596,10475,1082420,387485,346831,45886,0.5958047839642083,0.2132863553097423,0.19090886072604935
R332,135TH STREET-ST NICHOLAS AV   ,BC,40.817902,-73.947644,10030,1083876,601701,977381,32561,0.40701956245648635,0.22595211790798053,0.3670283196355331
R344,145TH STREET-LENOX AVENUE     ,3,40.820402,-73.93631500000002,10030,751401,489485,504484,32561,0.4305110091270046,0.2804476987687424,0.28904129210425294
R354,104TH STREET-LIBERTY AVENUE   ,A,40.681745,-73.837631,11416,600721,130387,232417,58621,0.6234617679873382,0.13532290288264445,0.2412153291300174
R383,HUDSON STREET-78TH STREET     ,A,40.679369,-73.85896,11416,1327395,333421,715263,58621,0.5586493546721301,0.1403240380475565,0.3010266072803135
R384,BOYD STREET-88TH STREET       ,A,40.679857,-73.85149200000002,11416,910084,201774,391952,58621,0.6051854955080761,0.13417519500468808,0.26063930948723574
R385,ROCKAWAY BLVD-LIBERTY AVE     ,A,40.680429,-73.843853,11416,1796057,787266,1104224,58621,0.4870600971323213,0.2134931432738349,0.2994467595938438
R355,109TH STREET-LIBERTY AVENUE   ,A,40.684364,-73.832181,11419,853140,191074,351350,55557,0.6113227340344118,0.1369152543344483,0.2517620116311398
R356,LEFFERTS BLVD-LIBERTY AVE     ,A,40.685975,-73.824713,11419,2063804,722154,981986,55557,0.5477268239655366,0.19165730700880904,0.2606158690256543
R361,PELHAM PKWY-WHITE PLAINS RD   ,25,40.857188,-73.86760699999998,10458,2088010,1236791,1178393,24829,0.4636731173473761,0.27464750574814234,0.26167937690448156
R365,219TH ST-WHITE PLAINS ROAD    ,25,40.883767,-73.862736,10466,1010872,460424,340784,42587,0.5578517504745927,0.2540859123217518,0.18806233720365548
R366,225TH ST-WHITE PLAINS ROAD    ,25,40.887887,-73.860505,10466,1276308,602211,385531,42587,0.5637278328658819,0.26598838364877103,0.17028378348534706
R367,233RD ST-WHITE PLAINS ROAD    ,25,40.893386,-73.857265,10466,1446067,743199,551562,42587,0.5276022428258905,0.27115856960013546,0.201239187573974
R431,DYRE AVENUE-LIGHT STREET      ,5,40.888244,-73.83085,10466,1206715,509401,461232,42587,0.5542131988088261,0.23395479271113298,0.21183200848004086
R371,79TH STREET-17TH AVENUE       ,D,40.613513,-74.00064499999998,11214,1279699,224817,1339983,45838,0.4498855510232206,0.07903571068226778,0.47107873829451163
R372,18TH AVENUE-86TH STREET       ,D,40.607958,-74.00178199999998,11214,1329201,307790,1291978,45838,0.45381190446194547,0.10508475849351769,0.44110333704453686
R373,20TH AVENUE-86TH STREET       ,D,40.604798,-73.998456,11214,1258427,247000,1020802,45838,0.4981444675047274,0.09777419228423076,0.4040813402110418
R374,BAY PARKWAY-86TH STREET       ,D,40.601898,-73.993821,11214,1506492,353975,1551252,45838,0.4415639154338326,0.10375268303163303,0.45468340153453435
R379,KOSCIUSKO STREET-BROADWAY     ,J,40.693329,-73.928826,11221,1235188,686939,686389,39785,0.47352134316983296,0.2633447523419446,0.26313390448822244
R380,GATES AVENUE-BROADWAY         ,JZ,40.689652,-73.92228100000001,11221,1645485,868915,809217,39785,0.4950886338588351,0.2614365614329208,0.24347480470824406
R401,CENTRAL AVE-MYRTLE AVE        ,M,40.697673,-73.927131,11221,855597,354257,540834,39785,0.48872043448061564,0.20235301778500794,0.30892654773437644
R386,174TH STREET-SOUTHERN BLVD    ,25,40.837382,-73.887659,10460,1606833,1150144,711405,23289,0.46328028458226345,0.33160822539155144,0.20511149002618512
R387,EAST TREMONT AVENUE-178 ST    ,25,40.840097,-73.879774,10460,1661244,1211808,772482,23289,0.45569291083281627,0.33240891457876953,0.2118981745884142
R389,BRONX PARK EAST               ,25,40.848797,-73.868465,10460,704389,352764,334235,23289,0.5062491555195244,0.25353388127538834,0.24021696320508729
R414,HOWARD BEACH-159TH AVE        ,A,40.660476,-73.830301,11414,662023,290195,330983,69088,0.5159152774974458,0.2261492938362735,0.25793542866628066
R430,PELHAM PKWY-ESPLANADE         ,5,40.858973,-73.855355,10469,843220,235520,365653,57680,0.5837884841590897,0.16305811506979057,0.25315340077111975
R446,BROOK AVENUE-138TH STREET     ,6,40.808044,-73.919234,10454,1724941,1093424,659546,19536,0.49597042592521773,0.3143910238071072,0.18963855026767504
R447,CYPRESS AVENUE-138TH STREET   ,6,40.805737,-73.91447099999998,10454,1040668,644273,366426,19536,0.5073046412465444,0.31407008107276757,0.17862527768068806
